{
  "encoding": {
    "!": "In",
    "\"": "many",
    "#": "circumstances,",
    "$": "an",
    "%": "operation",
    "&": "on",
    "'": "a",
    "(": "data",
    ")": "structure",
    "*": "can",
    "+": "be",
    ",": "made",
    "-": "more",
    ".": "efficient",
    "/": "by",
    "0": "including",
    "1": "additional",
    "2": "information.",
    "3": "This",
    "4": "technique",
    "5": "is",
    "6": "known",
    "7": "as",
    "8": "using",
    "9": "augmented",
    ":": "structures.",
    ";": "For",
    "<": "example,",
    "=": "threaded",
    ">": "trees",
    "?": "use",
    "@": "pointers",
    "A": "so",
    "B": "that",
    "C": "it",
    "D": "possible",
    "E": "to",
    "F": "find",
    "G": "the",
    "H": "pre-order",
    "I": "successor",
    "J": "given",
    "K": "node."
  },
  "transitionMatrix": {
    "!": {
      "\"": 1.0
    },
    "\"": {
      "#": 1.0
    },
    "#": {
      "$": 1.0
    },
    "$": {
      "%": 1.0
    },
    "%": {
      "&": 1.0
    },
    "&": {
      "'": 1.0
    },
    "'": {
      "(": 0.5,
      "J": 0.5
    },
    "(": {
      ")": 0.5,
      ":": 0.5
    },
    ")": {
      "*": 1.0
    },
    "*": {
      "+": 1.0
    },
    "+": {
      ",": 1.0
    },
    ",": {
      "-": 1.0
    },
    "-": {
      ".": 1.0
    },
    ".": {
      "/": 1.0
    },
    "/": {
      "0": 1.0
    },
    "0": {
      "1": 1.0
    },
    "1": {
      "2": 0.5,
      "@": 0.5
    },
    "2": {
      "3": 1.0
    },
    "3": {
      "4": 1.0
    },
    "4": {
      "5": 1.0
    },
    "5": {
      "6": 0.5,
      "D": 0.5
    },
    "6": {
      "7": 1.0
    },
    "7": {
      "8": 1.0
    },
    "8": {
      "9": 1.0
    },
    "9": {
      "(": 1.0
    },
    ":": {
      ";": 1.0
    },
    ";": {
      "<": 1.0
    },
    "<": {
      "=": 1.0
    },
    "=": {
      ">": 1.0
    },
    ">": {
      "?": 1.0
    },
    "?": {
      "1": 1.0
    },
    "@": {
      "A": 1.0
    },
    "A": {
      "B": 1.0
    },
    "B": {
      "C": 1.0
    },
    "C": {
      "5": 1.0
    },
    "D": {
      "E": 1.0
    },
    "E": {
      "F": 0.5,
      "'": 0.5
    },
    "F": {
      "G": 1.0
    },
    "G": {
      "H": 1.0
    },
    "H": {
      "I": 1.0
    },
    "I": {
      "E": 1.0
    },
    "J": {
      "K": 1.0
    }
  }
}